Model,RMSE_mean,RMSE_std,MAE_mean,MAE_std,n_runs
LA-AIDS,0.070687,0.0,0.055926,0.0,5
BLP (IV),0.12147,0.0,0.094508,0.0,5
Lin IRL Shared,0.091998,0.0,0.073599,0.0,5
Lin IRL GoodSpec,0.091966,0.0,0.073558,0.0,5
Lin IRL Orth,0.087155,0.0,0.070922,0.0,5
Neural IRL,0.065246,0.000477,0.050591,0.000585,5
MDP Neural IRL,0.051197,0.000226,0.038818,0.00027,5
Var. Mixture,0.098139,0.0154,0.082453,0.013784,5
