delta,kl_mean,kl_se
0.3,0.01250013,0.00023349
0.4,0.01214068,0.0005004
0.5,0.01146791,1.69e-06
0.6,0.01147047,9.473e-05
0.7,0.01151347,2.88e-05
0.8,0.01121373,0.00015459
0.9,0.01136777,9.915e-05
