delta,kl_mean,kl_se
0.3,0.01173909,6.377e-05
0.4,0.01141283,0.00010681
0.5,0.01111459,3.857e-05
0.6,0.01078876,2.088e-05
0.7,0.01060137,5.536e-05
0.8,0.01040131,3.34e-05
0.9,0.01050742,4.62e-05
