delta,kl_mean,kl_se
0.3,0.0206541,0.0016651
0.4,0.02099193,0.00286071
0.5,0.02519118,0.00055814
0.6,0.02197788,0.00088713
0.7,0.02098307,0.00198114
0.8,0.02224024,0.00279223
0.9,0.02535427,0.00088372
