delta,kl_mean,kl_se
0.3,0.00546439,0.0017606
0.5,0.00472931,0.00107552
0.7,0.00431134,0.00119187
0.9,0.00580499,0.00146672
