delta,kl_mean,kl_se
0.3,0.00390282,0.00052953
0.5,0.00290863,0.00076703
0.7,0.0027846,0.00037845
0.9,0.00442573,0.00076122
